"country","year","population"
"Afghanistan",1950,7776182
"Afghanistan",1951,7879343
"Afghanistan",1952,7987783
"Afghanistan",1953,8096703
"Afghanistan",1954,8207953
"Afghanistan",1955,8326981
"Afghanistan",1956,8454302
"Afghanistan",1957,8588340
"Afghanistan",1958,8723412
"Afghanistan",1959,8869271
"Afghanistan",1960,9035048
"Afghanistan",1961,9214082
"Afghanistan",1962,9404411
"Afghanistan",1963,9604491
"Afghanistan",1964,9814318
"Afghanistan",1965,10036003
"Afghanistan",1966,10266397
"Afghanistan",1967,10505961
"Afghanistan",1968,10756924
"Afghanistan",1969,11017417
"Afghanistan",1970,11290135
"Afghanistan",1971,11567672
"Afghanistan",1972,11853697
"Afghanistan",1973,12158000
"Afghanistan",1974,12469127
"Afghanistan",1975,12773967
"Afghanistan",1976,13059861
"Afghanistan",1977,13340758
"Afghanistan",1978,13611445
"Afghanistan",1979,13655572
"Afghanistan",1980,13169312
"Afghanistan",1981,11937587
"Afghanistan",1982,10991382
"Afghanistan",1983,10917986
"Afghanistan",1984,11190220
"Afghanistan",1985,11426855
"Afghanistan",1986,11420074
"Afghanistan",1987,11387824
"Afghanistan",1988,11523299
"Afghanistan",1989,11874088
"Afghanistan",1990,12045664
"Afghanistan",1991,12238879
"Afghanistan",1992,13278982
"Afghanistan",1993,14943174
"Afghanistan",1994,16250799
"Afghanistan",1995,17065836
"Afghanistan",1996,17763265
"Afghanistan",1997,18452100
"Afghanistan",1998,19159996
"Afghanistan",1999,19887791
"Afghanistan",2000,20130334
"Afghanistan",2001,20284303
"Afghanistan",2002,21378123
"Afghanistan",2003,22733054
"Afghanistan",2004,23560656
"Afghanistan",2005,24404574
"Afghanistan",2006,25424100
"Afghanistan",2007,25909852
"Afghanistan",2008,26482629
"Afghanistan",2009,27466101
"Afghanistan",2010,28284088
"Afghanistan",2011,29347709
"Afghanistan",2012,30560036
"Afghanistan",2013,31622708
"Afghanistan",2014,32792527
"Afghanistan",2015,33831765
"Afghanistan",2016,34700614
"Afghanistan",2017,35688942
"Afghanistan",2018,36743040
"Afghanistan",2019,37856126
"Afghanistan",2020,39068978
"Afghanistan",2021,40000411
"Afghanistan",2022,40578846
"Afghanistan",2023,41454762
"Bangladesh",1950,41206858
"Bangladesh",1951,42022310
"Bangladesh",1952,42893013
"Bangladesh",1953,43791389
"Bangladesh",1954,44741297
"Bangladesh",1955,45767687
"Bangladesh",1956,46854418
"Bangladesh",1957,48004665
"Bangladesh",1958,49184052
"Bangladesh",1959,50441766
"Bangladesh",1960,51828663
"Bangladesh",1961,53310344
"Bangladesh",1962,54881155
"Bangladesh",1963,56504405
"Bangladesh",1964,58178373
"Bangladesh",1965,59902521
"Bangladesh",1966,61669811
"Bangladesh",1967,63510933
"Bangladesh",1968,65408278
"Bangladesh",1969,67294130
"Bangladesh",1970,69058900
"Bangladesh",1971,70276759
"Bangladesh",1972,71641525
"Bangladesh",1973,73722297
"Bangladesh",1974,75839350
"Bangladesh",1975,77854353
"Bangladesh",1976,79855319
"Bangladesh",1977,81867267
"Bangladesh",1978,83889659
"Bangladesh",1979,85935069
"Bangladesh",1980,88016436
"Bangladesh",1981,90303105
"Bangladesh",1982,92814506
"Bangladesh",1983,95335162
"Bangladesh",1984,97814966
"Bangladesh",1985,100253825
"Bangladesh",1986,102635570
"Bangladesh",1987,104959291
"Bangladesh",1988,107216011
"Bangladesh",1989,109433805
"Bangladesh",1990,111633723
"Bangladesh",1991,113787112
"Bangladesh",1992,115952198
"Bangladesh",1993,118132363
"Bangladesh",1994,120343183
"Bangladesh",1995,122600371
"Bangladesh",1996,124862185
"Bangladesh",1997,127198069
"Bangladesh",1998,129622333
"Bangladesh",1999,132108064
"Bangladesh",2000,134544303
"Bangladesh",2001,136805812
"Bangladesh",2002,138933659
"Bangladesh",2003,140970356
"Bangladesh",2004,142902855
"Bangladesh",2005,144715789
"Bangladesh",2006,146405982
"Bangladesh",2007,147989283
"Bangladesh",2008,149474264
"Bangladesh",2009,150873716
"Bangladesh",2010,152201977
"Bangladesh",2011,153591075
"Bangladesh",2012,155070111
"Bangladesh",2013,156532135
"Bangladesh",2014,157964931
"Bangladesh",2015,159383180
"Bangladesh",2016,160811935
"Bangladesh",2017,162186147
"Bangladesh",2018,163523108
"Bangladesh",2019,164913060
"Bangladesh",2020,166298024
"Bangladesh",2021,167658855
"Bangladesh",2022,169384890
"Bangladesh",2023,171466986
"Bhutan",1950,169992
"Bhutan",1951,174616
"Bhutan",1952,179391
"Bhutan",1953,184345
"Bhutan",1954,189465
"Bhutan",1955,194761
"Bhutan",1956,200244
"Bhutan",1957,205912
"Bhutan",1958,211765
"Bhutan",1959,217826
"Bhutan",1960,224098
"Bhutan",1961,230616
"Bhutan",1962,237648
"Bhutan",1963,245168
"Bhutan",1964,252997
"Bhutan",1965,261210
"Bhutan",1966,269830
"Bhutan",1967,278855
"Bhutan",1968,288319
"Bhutan",1969,298220
"Bhutan",1970,308535
"Bhutan",1971,319218
"Bhutan",1972,330265
"Bhutan",1973,341712
"Bhutan",1974,353547
"Bhutan",1975,365800
"Bhutan",1976,378499
"Bhutan",1977,391649
"Bhutan",1978,405254
"Bhutan",1979,419207
"Bhutan",1980,433412
"Bhutan",1981,447852
"Bhutan",1982,462493
"Bhutan",1983,477472
"Bhutan",1984,492792
"Bhutan",1985,508400
"Bhutan",1986,524327
"Bhutan",1987,540570
"Bhutan",1988,557002
"Bhutan",1989,573592
"Bhutan",1990,589295
"Bhutan",1991,599789
"Bhutan",1992,577779
"Bhutan",1993,554679
"Bhutan",1994,554510
"Bhutan",1995,547996
"Bhutan",1996,548792
"Bhutan",1997,558699
"Bhutan",1998,569438
"Bhutan",1999,582590
"Bhutan",2000,596870
"Bhutan",2001,610803
"Bhutan",2002,624417
"Bhutan",2003,637669
"Bhutan",2004,650558
"Bhutan",2005,661872
"Bhutan",2006,670800
"Bhutan",2007,678643
"Bhutan",2008,686359
"Bhutan",2009,693995
"Bhutan",2010,701639
"Bhutan",2011,709387
"Bhutan",2012,717288
"Bhutan",2013,725283
"Bhutan",2014,733151
"Bhutan",2015,740624
"Bhutan",2016,747878
"Bhutan",2017,754343
"Bhutan",2018,759767
"Bhutan",2019,764829
"Bhutan",2020,770014
"Bhutan",2021,775451
"Bhutan",2022,780920
"Bhutan",2023,786387
"Brunei",1950,48315
"Brunei",1951,51211
"Brunei",1952,54252
"Brunei",1953,57582
"Brunei",1954,61226
"Brunei",1955,65228
"Brunei",1956,69569
"Brunei",1957,74184
"Brunei",1958,78989
"Brunei",1959,83859
"Brunei",1960,88358
"Brunei",1961,92528
"Brunei",1962,96738
"Brunei",1963,101172
"Brunei",1964,105936
"Brunei",1965,110856
"Brunei",1966,115889
"Brunei",1967,121037
"Brunei",1968,126238
"Brunei",1969,131456
"Brunei",1970,135157
"Brunei",1971,137930
"Brunei",1972,142198
"Brunei",1973,147382
"Brunei",1974,152667
"Brunei",1975,158081
"Brunei",1976,163620
"Brunei",1977,169287
"Brunei",1978,174901
"Brunei",1979,180431
"Brunei",1980,186121
"Brunei",1981,191989
"Brunei",1982,198177
"Brunei",1983,204754
"Brunei",1984,211673
"Brunei",1985,218928
"Brunei",1986,226510
"Brunei",1987,233876
"Brunei",1988,240926
"Brunei",1989,248077
"Brunei",1990,255306
"Brunei",1991,262603
"Brunei",1992,269848
"Brunei",1993,276979
"Brunei",1994,284097
"Brunei",1995,291207
"Brunei",1996,298283
"Brunei",1997,305357
"Brunei",1998,312398
"Brunei",1999,319412
"Brunei",2000,326428
"Brunei",2001,333353
"Brunei",2002,340108
"Brunei",2003,346649
"Brunei",2004,352921
"Brunei",2005,358930
"Brunei",2006,364669
"Brunei",2007,370884
"Brunei",2008,377800
"Brunei",2009,384964
"Brunei",2010,392340
"Brunei",2011,399395
"Brunei",2012,405566
"Brunei",2013,411206
"Brunei",2014,416754
"Brunei",2015,422224
"Brunei",2016,427573
"Brunei",2017,432788
"Brunei",2018,437813
"Brunei",2019,442687
"Brunei",2020,447412
"Brunei",2021,451723
"Brunei",2022,455374
"Brunei",2023,458959
"Cambodia",1950,4375252
"Cambodia",1951,4475694
"Cambodia",1952,4577965
"Cambodia",1953,4680458
"Cambodia",1954,4783832
"Cambodia",1955,4890376
"Cambodia",1956,4999483
"Cambodia",1957,5110435
"Cambodia",1958,5220838
"Cambodia",1959,5332933
"Cambodia",1960,5449962
"Cambodia",1961,5571175
"Cambodia",1962,5697560
"Cambodia",1963,5823011
"Cambodia",1964,5946186
"Cambodia",1965,6072288
"Cambodia",1966,6201237
"Cambodia",1967,6332946
"Cambodia",1968,6467324
"Cambodia",1969,6604731
"Cambodia",1970,6639187
"Cambodia",1971,6620880
"Cambodia",1972,6673891
"Cambodia",1973,6739737
"Cambodia",1974,6783251
"Cambodia",1975,6581374
"Cambodia",1976,6134988
"Cambodia",1977,5668561
"Cambodia",1978,5211654
"Cambodia",1979,5088812
"Cambodia",1980,5199873
"Cambodia",1981,5284494
"Cambodia",1982,5436436
"Cambodia",1983,5636208
"Cambodia",1984,5845115
"Cambodia",1985,6043781
"Cambodia",1986,6285698
"Cambodia",1987,6557972
"Cambodia",1988,6812011
"Cambodia",1989,7073472
"Cambodia",1990,7374754
"Cambodia",1991,7686856
"Cambodia",1992,8113084
"Cambodia",1993,8616384
"Cambodia",1994,9239158
"Cambodia",1995,10018498
"Cambodia",1996,10801268
"Cambodia",1997,11570986
"Cambodia",1998,12058181
"Cambodia",1999,12265733
"Cambodia",2000,12462343
"Cambodia",2001,12658486
"Cambodia",2002,12855249
"Cambodia",2003,13050978
"Cambodia",2004,13244739
"Cambodia",2005,13439204
"Cambodia",2006,13639030
"Cambodia",2007,13841775
"Cambodia",2008,14053479
"Cambodia",2009,14276819
"Cambodia",2010,14500732
"Cambodia",2011,14722587
"Cambodia",2012,14945090
"Cambodia",2013,15170212
"Cambodia",2014,15396771
"Cambodia",2015,15623253
"Cambodia",2016,15852802
"Cambodia",2017,16073374
"Cambodia",2018,16274521
"Cambodia",2019,16481304
"Cambodia",2020,16725482
"Cambodia",2021,16974308
"Cambodia",2022,17201717
"Cambodia",2023,17423881
"China",1950,544044354
"China",1951,553758251
"China",1952,565131436
"China",1953,577557142
"China",1954,590113861
"China",1955,603547012
"China",1956,616558585
"China",1957,630356210
"China",1958,644219484
"China",1959,652708210
"China",1960,654802066
"China",1961,655773482
"China",1962,665073692
"China",1963,684552645
"China",1964,704798265
"China",1965,723415737
"China",1966,742402209
"China",1967,761026025
"China",1968,781011031
"China",1969,802140343
"China",1970,823308968
"China",1971,844069870
"China",1972,863677811
"China",1973,882576941
"China",1974,900307583
"China",1975,916116795
"China",1976,930372293
"China",1977,943546379
"China",1978,956161484
"China",1979,969288069
"China",1980,983163545
"China",1981,997721068
"China",1982,1013588169
"China",1983,1029064952
"China",1984,1043849645
"China",1985,1059807821
"China",1986,1077233612
"China",1987,1096217446
"China",1988,1115244161
"China",1989,1133991005
"China",1990,1153582718
"China",1991,1170788527
"China",1992,1184574240
"China",1993,1197308569
"China",1994,1209003100
"China",1995,1220133927
"China",1996,1230944812
"China",1997,1241139619
"China",1998,1250847121
"China",1999,1260176650
"China",2000,1269581164
"China",2001,1278725057
"China",2002,1286866839
"China",2003,1294517315
"China",2004,1302100319
"China",2005,1310027138
"China",2006,1318054037
"China",2007,1325813580
"China",2008,1333821009
"China",2009,1342522709
"China",2010,1351561511
"China",2011,1360250657
"China",2012,1369520865
"China",2013,1379008046
"China",2014,1387951973
"China",2015,1396134164
"China",2016,1404052626
"China",2017,1412354742
"China",2018,1419008963
"China",2019,1423520354
"China",2020,1426106083
"China",2021,1426437276
"China",2022,1425179562
"China",2023,1422584937
"EastTimor",1950,414768
"EastTimor",1951,418266
"EastTimor",1952,422429
"EastTimor",1953,426995
"EastTimor",1954,431906
"EastTimor",1955,437160
"EastTimor",1956,442703
"EastTimor",1957,448566
"EastTimor",1958,454757
"EastTimor",1959,461278
"EastTimor",1960,468130
"EastTimor",1961,475300
"EastTimor",1962,482782
"EastTimor",1963,490572
"EastTimor",1964,498661
"EastTimor",1965,507041
"EastTimor",1966,515697
"EastTimor",1967,524651
"EastTimor",1968,533881
"EastTimor",1969,543361
"EastTimor",1970,553080
"EastTimor",1971,562974
"EastTimor",1972,572973
"EastTimor",1973,582862
"EastTimor",1974,590832
"EastTimor",1975,598170
"EastTimor",1976,607629
"EastTimor",1977,618320
"EastTimor",1978,628780
"EastTimor",1979,638724
"EastTimor",1980,649877
"EastTimor",1981,660503
"EastTimor",1982,669156
"EastTimor",1983,677705
"EastTimor",1984,686787
"EastTimor",1985,696671
"EastTimor",1986,707190
"EastTimor",1987,718487
"EastTimor",1988,730752
"EastTimor",1989,744861
"EastTimor",1990,760348
"EastTimor",1991,778287
"EastTimor",1992,799322
"EastTimor",1993,821444
"EastTimor",1994,844502
"EastTimor",1995,868152
"EastTimor",1996,892288
"EastTimor",1997,917188
"EastTimor",1998,942538
"EastTimor",1999,834698
"EastTimor",2000,745095
"EastTimor",2001,812252
"EastTimor",2002,879170
"EastTimor",2003,916878
"EastTimor",2004,929081
"EastTimor",2005,948310
"EastTimor",2006,976611
"EastTimor",2007,1004897
"EastTimor",2008,1032432
"EastTimor",2009,1058784
"EastTimor",2010,1084687
"EastTimor",2011,1110212
"EastTimor",2012,1134888
"EastTimor",2013,1158695
"EastTimor",2014,1181913
"EastTimor",2015,1205134
"EastTimor",2016,1228315
"EastTimor",2017,1251710
"EastTimor",2018,1275965
"EastTimor",2019,1300943
"EastTimor",2020,1326051
"EastTimor",2021,1350142
"EastTimor",2022,1369299
"EastTimor",2023,1384292
"HongKong",1950,1978347
"HongKong",1951,2069493
"HongKong",1952,2164804
"HongKong",1953,2264327
"HongKong",1954,2368614
"HongKong",1955,2478200
"HongKong",1956,2594258
"HongKong",1957,2717186
"HongKong",1958,2845504
"HongKong",1959,2974551
"HongKong",1960,3094854
"HongKong",1961,3076661
"HongKong",1962,2889092
"HongKong",1963,2662600
"HongKong",1964,3136041
"HongKong",1965,3855424
"HongKong",1966,4015305
"HongKong",1967,3474133
"HongKong",1968,3065330
"HongKong",1969,3395527
"HongKong",1970,3739918
"HongKong",1971,3989231
"HongKong",1972,4117125
"HongKong",1973,4223249
"HongKong",1974,4330726
"HongKong",1975,4438382
"HongKong",1976,4545133
"HongKong",1977,4650487
"HongKong",1978,4754068
"HongKong",1979,4857668
"HongKong",1980,4962487
"HongKong",1981,5060961
"HongKong",1982,5150096
"HongKong",1983,5235115
"HongKong",1984,5315980
"HongKong",1985,5393122
"HongKong",1986,5451436
"HongKong",1987,5486376
"HongKong",1988,5514905
"HongKong",1989,5540574
"HongKong",1990,5560598
"HongKong",1991,5628090
"HongKong",1992,5759557
"HongKong",1993,5902508
"HongKong",1994,6042260
"HongKong",1995,6177105
"HongKong",1996,6302468
"HongKong",1997,6416672
"HongKong",1998,6521332
"HongKong",1999,6616524
"HongKong",2000,6704664
"HongKong",2001,6774243
"HongKong",2002,6821411
"HongKong",2003,6858906
"HongKong",2004,6888164
"HongKong",2005,6908482
"HongKong",2006,6931090
"HongKong",2007,6971344
"HongKong",2008,7020689
"HongKong",2009,7064465
"HongKong",2010,7101612
"HongKong",2011,7142969
"HongKong",2012,7201060
"HongKong",2013,7264330
"HongKong",2014,7319503
"HongKong",2015,7366411
"HongKong",2016,7408005
"HongKong",2017,7444890
"HongKong",2018,7471189
"HongKong",2019,7485816
"HongKong",2020,7490240
"HongKong",2021,7484604
"HongKong",2022,7465914
"HongKong",2023,7442738
"India",1950,346278817
"India",1951,353870058
"India",1952,361874904
"India",1953,370104571
"India",1954,378687141
"India",1955,387700891
"India",1956,396988906
"India",1957,406253895
"India",1958,415777437
"India",1959,425780669
"India",1960,435990344
"India",1961,446564730
"India",1962,457283092
"India",1963,468138576
"India",1964,479229599
"India",1965,490140141
"India",1966,500740250
"India",1967,511606375
"India",1968,522716894
"India",1969,533880544
"India",1970,545864268
"India",1971,558096383
"India",1972,570482142
"India",1973,583465595
"India",1974,597041392
"India",1975,611309532
"India",1976,625861887
"India",1977,640801105
"India",1978,655728226
"India",1979,671155745
"India",1980,687354031
"India",1981,703696255
"India",1982,720313474
"India",1983,737372685
"India",1984,754875451
"India",1985,772647801
"India",1986,790689978
"India",1987,808931261
"India",1988,827342997
"India",1989,846039530
"India",1990,864972219
"India",1991,883927607
"India",1992,902957072
"India",1993,922118380
"India",1994,941163775
"India",1995,960301048
"India",1996,979678464
"India",1997,999133765
"India",1998,1018665073
"India",1999,1038225821
"India",2000,1057922728
"India",2001,1077898572
"India",2002,1097600381
"India",2003,1116802997
"India",2004,1135991510
"India",2005,1154676319
"India",2006,1172878890
"India",2007,1190676028
"India",2008,1207930962
"India",2009,1225524760
"India",2010,1243481564
"India",2011,1261224952
"India",2012,1278674506
"India",2013,1295829506
"India",2014,1312277184
"India",2015,1328024492
"India",2016,1343944293
"India",2017,1359657392
"India",2018,1374659068
"India",2019,1389030303
"India",2020,1402617692
"India",2021,1414203889
"India",2022,1425423212
"India",2023,1438069597
"Indonesia",1950,68799030
"Indonesia",1951,70286312
"Indonesia",1952,71876439
"Indonesia",1953,73569145
"Indonesia",1954,75367369
"Indonesia",1955,77273504
"Indonesia",1956,79282556
"Indonesia",1957,81390843
"Indonesia",1958,83592765
"Indonesia",1959,85892868
"Indonesia",1960,88296073
"Indonesia",1961,90791250
"Indonesia",1962,93375848
"Indonesia",1963,96051425
"Indonesia",1964,98833757
"Indonesia",1965,101365131
"Indonesia",1966,103792757
"Indonesia",1967,106526397
"Indonesia",1968,109450007
"Indonesia",1969,112517638
"Indonesia",1970,115657496
"Indonesia",1971,118833699
"Indonesia",1972,122039843
"Indonesia",1973,125288516
"Indonesia",1974,128555052
"Indonesia",1975,131843849
"Indonesia",1976,135173656
"Indonesia",1977,138533539
"Indonesia",1978,141953163
"Indonesia",1979,145434830
"Indonesia",1980,148950537
"Indonesia",1981,152485036
"Indonesia",1982,156052154
"Indonesia",1983,159651382
"Indonesia",1984,163251124
"Indonesia",1985,166776182
"Indonesia",1986,170175064
"Indonesia",1987,173511158
"Indonesia",1988,176855069
"Indonesia",1989,180201637
"Indonesia",1990,183501097
"Indonesia",1991,186778237
"Indonesia",1992,190043743
"Indonesia",1993,193305171
"Indonesia",1994,196591830
"Indonesia",1995,199888054
"Indonesia",1996,203204352
"Indonesia",1997,206536090
"Indonesia",1998,209826791
"Indonesia",1999,213004666
"Indonesia",2000,216077791
"Indonesia",2001,219097906
"Indonesia",2002,222088499
"Indonesia",2003,225048004
"Indonesia",2004,227926647
"Indonesia",2005,230871649
"Indonesia",2006,233951650
"Indonesia",2007,237062339
"Indonesia",2008,240157901
"Indonesia",2009,243220024
"Indonesia",2010,246305326
"Indonesia",2011,249470029
"Indonesia",2012,252698526
"Indonesia",2013,255852466
"Indonesia",2014,258877397
"Indonesia",2015,261799249
"Indonesia",2016,264627428
"Indonesia",2017,267346655
"Indonesia",2018,269951847
"Indonesia",2019,272489379
"Indonesia",2020,274814864
"Indonesia",2021,276758056
"Indonesia",2022,278830529
"Indonesia",2023,281190068
"Iran",1950,16510553
"Iran",1951,16921281
"Iran",1952,17344434
"Iran",1953,17778109
"Iran",1954,18226205
"Iran",1955,18700800
"Iran",1956,19204391
"Iran",1957,19726844
"Iran",1958,20266510
"Iran",1959,20846778
"Iran",1960,21470433
"Iran",1961,22125729
"Iran",1962,22807908
"Iran",1963,23519008
"Iran",1964,24262863
"Iran",1965,25036982
"Iran",1966,25829273
"Iran",1967,26628431
"Iran",1968,27437390
"Iran",1969,28273481
"Iran",1970,29145099
"Iran",1971,30029069
"Iran",1972,30921177
"Iran",1973,31839836
"Iran",1974,32796455
"Iran",1975,33802973
"Iran",1976,34837283
"Iran",1977,35933180
"Iran",1978,37126534
"Iran",1979,38424956
"Iran",1980,39842324
"Iran",1981,41989316
"Iran",1982,44272142
"Iran",1983,46029541
"Iran",1984,47793999
"Iran",1985,49582288
"Iran",1986,51446047
"Iran",1987,53323493
"Iran",1988,55072694
"Iran",1989,56704919
"Iran",1990,58380097
"Iran",1991,59986931
"Iran",1992,61184982
"Iran",1993,61403548
"Iran",1994,61520597
"Iran",1995,62205571
"Iran",1996,62881296
"Iran",1997,63639637
"Iran",1998,64519866
"Iran",1999,65445389
"Iran",2000,66418662
"Iran",2001,67452003
"Iran",2002,68011316
"Iran",2003,68769345
"Iran",2004,70256316
"Iran",2005,71828456
"Iran",2006,73392746
"Iran",2007,74602646
"Iran",2008,75514200
"Iran",2009,76457832
"Iran",2010,77420852
"Iran",2011,78383602
"Iran",2012,79370583
"Iran",2013,80414688
"Iran",2014,81502045
"Iran",2015,82619365
"Iran",2016,83812229
"Iran",2017,85026761
"Iran",2018,86118000
"Iran",2019,87051647
"Iran",2020,87723446
"Iran",2021,88455491
"Iran",2022,89524247
"Iran",2023,90608708
"Japan",1950,86443279
"Japan",1951,87849930
"Japan",1952,89135134
"Japan",1953,90324185
"Japan",1954,91407672
"Japan",1955,92425476
"Japan",1956,93342005
"Japan",1957,94108980
"Japan",1958,94846958
"Japan",1959,95622973
"Japan",1960,96399754
"Japan",1961,97217594
"Japan",1962,98076406
"Japan",1963,98958230
"Japan",1964,99890178
"Japan",1965,100916017
"Japan",1966,101887833
"Japan",1967,102965529
"Japan",1968,104237475
"Japan",1969,105475170
"Japan",1970,106712370
"Japan",1971,107952031
"Japan",1972,109238963
"Japan",1973,110614742
"Japan",1974,112009690
"Japan",1975,113321198
"Japan",1976,114502794
"Japan",1977,115574280
"Japan",1978,116576941
"Japan",1979,117521561
"Japan",1980,118358761
"Japan",1981,118994055
"Japan",1982,119485773
"Japan",1983,119948942
"Japan",1984,120384396
"Japan",1985,120832158
"Japan",1986,121366733
"Japan",1987,121943589
"Japan",1988,122476957
"Japan",1989,122947411
"Japan",1990,123399767
"Japan",1991,123889870
"Japan",1992,124383707
"Japan",1993,124839954
"Japan",1994,125286862
"Japan",1995,125672659
"Japan",1996,125975305
"Japan",1997,126265926
"Japan",1998,126549181
"Japan",1999,126801566
"Japan",2000,127027796
"Japan",2001,127260144
"Japan",2002,127484599
"Japan",2003,127671255
"Japan",2004,127815770
"Japan",2005,127913331
"Japan",2006,127997248
"Japan",2007,128087684
"Japan",2008,128155991
"Japan",2009,128192471
"Japan",2010,128185273
"Japan",2011,128096431
"Japan",2012,127928283
"Japan",2013,127723641
"Japan",2014,127486600
"Japan",2015,127275868
"Japan",2016,127159949
"Japan",2017,127064685
"Japan",2018,126913433
"Japan",2019,126699422
"Japan",2020,126304536
"Japan",2021,125679341
"Japan",2022,124997586
"Japan",2023,124370947
"Laos",1950,1684556
"Laos",1951,1725247
"Laos",1952,1766187
"Laos",1953,1807819
"Laos",1954,1850135
"Laos",1955,1893226
"Laos",1956,1937237
"Laos",1957,1982141
"Laos",1958,2028028
"Laos",1959,2074484
"Laos",1960,2121516
"Laos",1961,2169801
"Laos",1962,2219918
"Laos",1963,2271068
"Laos",1964,2322828
"Laos",1965,2376200
"Laos",1966,2431089
"Laos",1967,2487718
"Laos",1968,2546378
"Laos",1969,2606966
"Laos",1970,2669703
"Laos",1971,2734636
"Laos",1972,2801657
"Laos",1973,2870579
"Laos",1974,2939760
"Laos",1975,3005524
"Laos",1976,3064882
"Laos",1977,3118927
"Laos",1978,3171753
"Laos",1979,3228200
"Laos",1980,3292574
"Laos",1981,3366638
"Laos",1982,3450021
"Laos",1983,3541005
"Laos",1984,3637846
"Laos",1985,3739985
"Laos",1986,3846722
"Laos",1987,3957624
"Laos",1988,4072609
"Laos",1989,4190973
"Laos",1990,4311960
"Laos",1991,4435120
"Laos",1992,4559651
"Laos",1993,4685063
"Laos",1994,4809222
"Laos",1995,4929410
"Laos",1996,5045686
"Laos",1997,5152015
"Laos",1998,5248273
"Laos",1999,5340784
"Laos",2000,5431214
"Laos",2001,5521481
"Laos",2002,5610889
"Laos",2003,5697945
"Laos",2004,5781627
"Laos",2005,5869531
"Laos",2006,5963199
"Laos",2007,6056238
"Laos",2008,6148974
"Laos",2009,6241649
"Laos",2010,6334198
"Laos",2011,6426595
"Laos",2012,6518981
"Laos",2013,6611385
"Laos",2014,6703170
"Laos",2015,6801650
"Laos",2016,6908800
"Laos",2017,7018149
"Laos",2018,7128045
"Laos",2019,7237634
"Laos",2020,7346533
"Laos",2021,7453191
"Laos",2022,7559007
"Laos",2023,7665002
"Malaysia",1950,6098285
"Malaysia",1951,6257416
"Malaysia",1952,6422850
"Malaysia",1953,6593946
"Malaysia",1954,6772375
"Malaysia",1955,6959960
"Malaysia",1956,7156628
"Malaysia",1957,7362818
"Malaysia",1958,7562884
"Malaysia",1959,7755779
"Malaysia",1960,7956200
"Malaysia",1961,8164448
"Malaysia",1962,8380175
"Malaysia",1963,8602168
"Malaysia",1964,8828414
"Malaysia",1965,9056415
"Malaysia",1966,9284694
"Malaysia",1967,9507107
"Malaysia",1968,9725281
"Malaysia",1969,9947602
"Malaysia",1970,10178801
"Malaysia",1971,10423464
"Malaysia",1972,10676839
"Malaysia",1973,10935623
"Malaysia",1974,11200905
"Malaysia",1975,11471912
"Malaysia",1976,11750093
"Malaysia",1977,12035715
"Malaysia",1978,12328158
"Malaysia",1979,12627863
"Malaysia",1980,12983361
"Malaysia",1981,13399206
"Malaysia",1982,13832795
"Malaysia",1983,14285914
"Malaysia",1984,14759014
"Malaysia",1985,15252259
"Malaysia",1986,15760425
"Malaysia",1987,16276735
"Malaysia",1988,16796611
"Malaysia",1989,17315003
"Malaysia",1990,17833178
"Malaysia",1991,18342474
"Malaysia",1992,18834569
"Malaysia",1993,19322667
"Malaysia",1994,19820445
"Malaysia",1995,20330602
"Malaysia",1996,20850085
"Malaysia",1997,21375224
"Malaysia",1998,21906713
"Malaysia",1999,22435533
"Malaysia",2000,22967817
"Malaysia",2001,23526534
"Malaysia",2002,24102479
"Malaysia",2003,24679604
"Malaysia",2004,25256771
"Malaysia",2005,25836073
"Malaysia",2006,26417906
"Malaysia",2007,26998384
"Malaysia",2008,27570054
"Malaysia",2009,28124780
"Malaysia",2010,28655771
"Malaysia",2011,29162033
"Malaysia",2012,29662835
"Malaysia",2013,30174269
"Malaysia",2014,30696133
"Malaysia",2015,31232796
"Malaysia",2016,31789694
"Malaysia",2017,32355642
"Malaysia",2018,32910962
"Malaysia",2019,33440588
"Malaysia",2020,33889555
"Malaysia",2021,34282405
"Malaysia",2022,34695494
"Malaysia",2023,35126295
"Maldives",1950,74460
"Maldives",1951,75731
"Maldives",1952,77077
"Maldives",1953,78509
"Maldives",1954,80011
"Maldives",1955,81618
"Maldives",1956,83316
"Maldives",1957,85138
"Maldives",1958,87055
"Maldives",1959,89074
"Maldives",1960,91203
"Maldives",1961,93465
"Maldives",1962,95816
"Maldives",1963,98236
"Maldives",1964,100673
"Maldives",1965,104116
"Maldives",1966,108528
"Maldives",1967,112542
"Maldives",1968,116092
"Maldives",1969,119581
"Maldives",1970,123239
"Maldives",1971,127053
"Maldives",1972,130979
"Maldives",1973,134971
"Maldives",1974,138994
"Maldives",1975,143168
"Maldives",1976,147538
"Maldives",1977,151942
"Maldives",1978,156169
"Maldives",1979,160373
"Maldives",1980,164843
"Maldives",1981,169543
"Maldives",1982,174339
"Maldives",1983,179141
"Maldives",1984,184213
"Maldives",1985,190182
"Maldives",1986,196946
"Maldives",1987,203960
"Maldives",1988,210899
"Maldives",1989,217750
"Maldives",1990,224772
"Maldives",1991,231809
"Maldives",1992,238559
"Maldives",1993,244892
"Maldives",1994,250831
"Maldives",1995,256659
"Maldives",1996,262355
"Maldives",1997,267713
"Maldives",1998,272736
"Maldives",1999,277423
"Maldives",2000,282025
"Maldives",2001,286780
"Maldives",2002,291631
"Maldives",2003,296497
"Maldives",2004,301414
"Maldives",2005,306431
"Maldives",2006,313865
"Maldives",2007,324488
"Maldives",2008,336178
"Maldives",2009,348282
"Maldives",2010,360801
"Maldives",2011,373682
"Maldives",2012,386822
"Maldives",2013,400079
"Maldives",2014,413623
"Maldives",2015,428165
"Maldives",2016,443316
"Maldives",2017,458297
"Maldives",2018,473107
"Maldives",2019,487737
"Maldives",2020,502127
"Maldives",2021,516162
"Maldives",2022,524116
"Maldives",2023,526009
"Mongolia",1950,781691
"Mongolia",1951,794329
"Mongolia",1952,807094
"Mongolia",1953,820278
"Mongolia",1954,834024
"Mongolia",1955,848686
"Mongolia",1956,868487
"Mongolia",1957,893240
"Mongolia",1958,919297
"Mongolia",1959,947419
"Mongolia",1960,977602
"Mongolia",1961,1009291
"Mongolia",1962,1041446
"Mongolia",1963,1071366
"Mongolia",1964,1100236
"Mongolia",1965,1131184
"Mongolia",1966,1163761
"Mongolia",1967,1196997
"Mongolia",1968,1229931
"Mongolia",1969,1262292
"Mongolia",1970,1295276
"Mongolia",1971,1330077
"Mongolia",1972,1366829
"Mongolia",1973,1405506
"Mongolia",1974,1446054
"Mongolia",1975,1488300
"Mongolia",1976,1531952
"Mongolia",1977,1576247
"Mongolia",1978,1619479
"Mongolia",1979,1660661
"Mongolia",1980,1701341
"Mongolia",1981,1742856
"Mongolia",1982,1785364
"Mongolia",1983,1829092
"Mongolia",1984,1874355
"Mongolia",1985,1921519
"Mongolia",1986,1970967
"Mongolia",1987,2022803
"Mongolia",1988,2076327
"Mongolia",1989,2124189
"Mongolia",1990,2164578
"Mongolia",1991,2202771
"Mongolia",1992,2239129
"Mongolia",1993,2273514
"Mongolia",1994,2305742
"Mongolia",1995,2335717
"Mongolia",1996,2363470
"Mongolia",1997,2389131
"Mongolia",1998,2412793
"Mongolia",1999,2434044
"Mongolia",2000,2455184
"Mongolia",2001,2477704
"Mongolia",2002,2500075
"Mongolia",2003,2521811
"Mongolia",2004,2542800
"Mongolia",2005,2563466
"Mongolia",2006,2584762
"Mongolia",2007,2607977
"Mongolia",2008,2634431
"Mongolia",2009,2665331
"Mongolia",2010,2701738
"Mongolia",2011,2745182
"Mongolia",2012,2795463
"Mongolia",2013,2851887
"Mongolia",2014,2913041
"Mongolia",2015,2976528
"Mongolia",2016,3040815
"Mongolia",2017,3104371
"Mongolia",2018,3167714
"Mongolia",2019,3232119
"Mongolia",2020,3290788
"Mongolia",2021,3339678
"Mongolia",2022,3386015
"Mongolia",2023,3431939
"Nepal",1950,8396610
"Nepal",1951,8572664
"Nepal",1952,8747301
"Nepal",1953,8918223
"Nepal",1954,9087773
"Nepal",1955,9257986
"Nepal",1956,9427890
"Nepal",1957,9598045
"Nepal",1958,9766253
"Nepal",1959,9938915
"Nepal",1960,10123663
"Nepal",1961,10318399
"Nepal",1962,10521124
"Nepal",1963,10729818
"Nepal",1964,10946389
"Nepal",1965,11173411
"Nepal",1966,11408713
"Nepal",1967,11652717
"Nepal",1968,11906273
"Nepal",1969,12167031
"Nepal",1970,12436191
"Nepal",1971,12710069
"Nepal",1972,12989102
"Nepal",1973,13275240
"Nepal",1974,13568435
"Nepal",1975,13870692
"Nepal",1976,14177650
"Nepal",1977,14499175
"Nepal",1978,14839706
"Nepal",1979,15190602
"Nepal",1980,15553107
"Nepal",1981,15922421
"Nepal",1982,16297995
"Nepal",1983,16689122
"Nepal",1984,17085243
"Nepal",1985,17477694
"Nepal",1986,17868128
"Nepal",1987,18250512
"Nepal",1988,18638660
"Nepal",1989,19057812
"Nepal",1990,19524578
"Nepal",1991,20036505
"Nepal",1992,20609707
"Nepal",1993,21180157
"Nepal",1994,21717482
"Nepal",1995,22245442
"Nepal",1996,22741867
"Nepal",1997,23219459
"Nepal",1998,23680357
"Nepal",1999,24125201
"Nepal",2000,24546510
"Nepal",2001,24946755
"Nepal",2002,25328989
"Nepal",2003,25688764
"Nepal",2004,26016653
"Nepal",2005,26309462
"Nepal",2006,26565431
"Nepal",2007,26788499
"Nepal",2008,26990038
"Nepal",2009,27173035
"Nepal",2010,27341955
"Nepal",2011,27464499
"Nepal",2012,27534917
"Nepal",2013,27589997
"Nepal",2014,27672373
"Nepal",2015,27823631
"Nepal",2016,27955471
"Nepal",2017,28011259
"Nepal",2018,28079686
"Nepal",2019,28414066
"Nepal",2020,28966582
"Nepal",2021,29475018
"Nepal",2022,29715434
"Nepal",2023,29694614
"Pakistan",1950,35849257
"Pakistan",1951,36581907
"Pakistan",1952,37377005
"Pakistan",1953,38229659
"Pakistan",1954,39137074
"Pakistan",1955,40098069
"Pakistan",1956,41113926
"Pakistan",1957,42185139
"Pakistan",1958,43312057
"Pakistan",1959,44495163
"Pakistan",1960,45709314
"Pakistan",1961,46921275
"Pakistan",1962,48156130
"Pakistan",1963,49447779
"Pakistan",1964,50799993
"Pakistan",1965,52209015
"Pakistan",1966,53678671
"Pakistan",1967,55214771
"Pakistan",1968,56810514
"Pakistan",1969,58460945
"Pakistan",1970,60166720
"Pakistan",1971,61847897
"Pakistan",1972,63583193
"Pakistan",1973,65461911
"Pakistan",1974,67415486
"Pakistan",1975,69461179
"Pakistan",1976,71620249
"Pakistan",1977,73901832
"Pakistan",1978,76307382
"Pakistan",1979,78997041
"Pakistan",1980,82291008
"Pakistan",1981,85802047
"Pakistan",1982,89089248
"Pakistan",1983,92227712
"Pakistan",1984,95164941
"Pakistan",1985,98229291
"Pakistan",1986,101606771
"Pakistan",1987,105130713
"Pakistan",1988,108724741
"Pakistan",1989,112336635
"Pakistan",1990,116155583
"Pakistan",1991,120060408
"Pakistan",1992,123546854
"Pakistan",1993,127020115
"Pakistan",1994,130748078
"Pakistan",1995,134582253
"Pakistan",1996,138557089
"Pakistan",1997,142531801
"Pakistan",1998,146522357
"Pakistan",1999,150565382
"Pakistan",2000,154879124
"Pakistan",2001,159270911
"Pakistan",2002,163222552
"Pakistan",2003,167110250
"Pakistan",2004,171285998
"Pakistan",2005,175453212
"Pakistan",2006,179682692
"Pakistan",2007,184493230
"Pakistan",2008,189499114
"Pakistan",2009,194376535
"Pakistan",2010,199239047
"Pakistan",2011,203746069
"Pakistan",2012,207667129
"Pakistan",2013,211073979
"Pakistan",2014,214264649
"Pakistan",2015,217290885
"Pakistan",2016,220138862
"Pakistan",2017,223273975
"Pakistan",2018,226928893
"Pakistan",2019,230800909
"Pakistan",2020,235001743
"Pakistan",2021,239477805
"Pakistan",2022,243700667
"Pakistan",2023,247504504
"Philippines",1950,18849530
"Philippines",1951,19568082
"Philippines",1952,20328753
"Philippines",1953,21132499
"Philippines",1954,21982505
"Philippines",1955,22880570
"Philippines",1956,23825809
"Philippines",1957,24815856
"Philippines",1958,25842526
"Philippines",1959,26907611
"Philippines",1960,27891900
"Philippines",1961,28792617
"Philippines",1962,29723537
"Philippines",1963,30674733
"Philippines",1964,31643038
"Philippines",1965,32625327
"Philippines",1966,33617170
"Philippines",1967,34621325
"Philippines",1968,35638340
"Philippines",1969,36660795
"Philippines",1970,37622201
"Philippines",1971,38518658
"Philippines",1972,39408559
"Philippines",1973,40294125
"Philippines",1974,41174339
"Philippines",1975,42120830
"Philippines",1976,43201484
"Philippines",1977,44367965
"Philippines",1978,45575286
"Philippines",1979,46807103
"Philippines",1980,48043744
"Philippines",1981,49311730
"Philippines",1982,50695715
"Philippines",1983,52194624
"Philippines",1984,53726186
"Philippines",1985,55213007
"Philippines",1986,56645081
"Philippines",1987,58157496
"Philippines",1988,59739056
"Philippines",1989,61265258
"Philippines",1990,62854667
"Philippines",1991,64382249
"Philippines",1992,65926133
"Philippines",1993,67530620
"Philippines",1994,69019296
"Philippines",1995,70546244
"Philippines",1996,72190237
"Philippines",1997,73908814
"Philippines",1998,75791031
"Philippines",1999,77753260
"Philippines",2000,79625402
"Philippines",2001,81401489
"Philippines",2002,83068887
"Philippines",2003,84731838
"Philippines",2004,86394513
"Philippines",2005,88015957
"Philippines",2006,89508993
"Philippines",2007,91075179
"Philippines",2008,92699093
"Philippines",2009,94384256
"Philippines",2010,96337126
"Philippines",2011,98248616
"Philippines",2012,100175512
"Philippines",2013,102076337
"Philippines",2014,103767129
"Philippines",2015,105312986
"Philippines",2016,106735723
"Philippines",2017,108119693
"Philippines",2018,109465284
"Philippines",2019,110804685
"Philippines",2020,112081271
"Philippines",2021,113100946
"Philippines",2022,113964342
"Philippines",2023,114891200
"Singapore",1950,1013320
"Singapore",1951,1068047
"Singapore",1952,1126096
"Singapore",1953,1187530
"Singapore",1954,1252286
"Singapore",1955,1320232
"Singapore",1956,1390956
"Singapore",1957,1458281
"Singapore",1958,1515731
"Singapore",1959,1567757
"Singapore",1960,1619328
"Singapore",1961,1670470
"Singapore",1962,1721183
"Singapore",1963,1771516
"Singapore",1964,1821470
"Singapore",1965,1870828
"Singapore",1966,1919088
"Singapore",1967,1965686
"Singapore",1968,2010102
"Singapore",1969,2052163
"Singapore",1970,2091568
"Singapore",1971,2128444
"Singapore",1972,2164344
"Singapore",1973,2200145
"Singapore",1974,2235078
"Singapore",1975,2268532
"Singapore",1976,2300749
"Singapore",1977,2331546
"Singapore",1978,2360612
"Singapore",1979,2388159
"Singapore",1980,2437496
"Singapore",1981,2531800
"Singapore",1982,2627420
"Singapore",1983,2685981
"Singapore",1984,2720930
"Singapore",1985,2735032
"Singapore",1986,2744656
"Singapore",1987,2781625
"Singapore",1988,2849044
"Singapore",1989,2938656
"Singapore",1990,3039593
"Singapore",1991,3136293
"Singapore",1992,3226461
"Singapore",1993,3317893
"Singapore",1994,3417815
"Singapore",1995,3533624
"Singapore",1996,3664566
"Singapore",1997,3796630
"Singapore",1998,3901418
"Singapore",1999,3966562
"Singapore",2000,4035251
"Singapore",2001,4116169
"Singapore",2002,4146898
"Singapore",2003,4138241
"Singapore",2004,4172766
"Singapore",2005,4268361
"Singapore",2006,4407064
"Singapore",2007,4596515
"Singapore",2008,4806742
"Singapore",2009,4968573
"Singapore",2010,5077019
"Singapore",2011,5182242
"Singapore",2012,5293344
"Singapore",2013,5385589
"Singapore",2014,5457899
"Singapore",2015,5525343
"Singapore",2016,5577937
"Singapore",2017,5604087
"Singapore",2018,5634367
"Singapore",2019,5669562
"Singapore",2020,5620150
"Singapore",2021,5546292
"Singapore",2022,5649886
"Singapore",2023,5789091
"SriLanka",1950,7811053
"SriLanka",1951,7956333
"SriLanka",1952,8111564
"SriLanka",1953,8275134
"SriLanka",1954,8445937
"SriLanka",1955,8623327
"SriLanka",1956,8807222
"SriLanka",1957,9001001
"SriLanka",1958,9208816
"SriLanka",1959,9430157
"SriLanka",1960,9661385
"SriLanka",1961,9899374
"SriLanka",1962,10143750
"SriLanka",1963,10395041
"SriLanka",1964,10653402
"SriLanka",1965,10916962
"SriLanka",1966,11183927
"SriLanka",1967,11457329
"SriLanka",1968,11736085
"SriLanka",1969,12013863
"SriLanka",1970,12287113
"SriLanka",1971,12551909
"SriLanka",1972,12809207
"SriLanka",1973,13060921
"SriLanka",1974,13305697
"SriLanka",1975,13548989
"SriLanka",1976,13796776
"SriLanka",1977,14049366
"SriLanka",1978,14310126
"SriLanka",1979,14579614
"SriLanka",1980,14847972
"SriLanka",1981,15099417
"SriLanka",1982,15286571
"SriLanka",1983,15388796
"SriLanka",1984,15441859
"SriLanka",1985,15544151
"SriLanka",1986,15731253
"SriLanka",1987,15916579
"SriLanka",1988,16078624
"SriLanka",1989,16248559
"SriLanka",1990,16352458
"SriLanka",1991,16475354
"SriLanka",1992,16739297
"SriLanka",1993,17025923
"SriLanka",1994,17275777
"SriLanka",1995,17564066
"SriLanka",1996,17905020
"SriLanka",1997,18248204
"SriLanka",1998,18596005
"SriLanka",1999,18944734
"SriLanka",2000,19293057
"SriLanka",2001,19600360
"SriLanka",2002,19805749
"SriLanka",2003,19951521
"SriLanka",2004,20087608
"SriLanka",2005,20216531
"SriLanka",2006,20352417
"SriLanka",2007,20492546
"SriLanka",2008,20629377
"SriLanka",2009,20756435
"SriLanka",2010,20879090
"SriLanka",2011,21009054
"SriLanka",2012,21169461
"SriLanka",2013,21358829
"SriLanka",2014,21547455
"SriLanka",2015,21729974
"SriLanka",2016,21910764
"SriLanka",2017,22087525
"SriLanka",2018,22253113
"SriLanka",2019,22410552
"SriLanka",2020,22561807
"SriLanka",2021,22700377
"SriLanka",2022,22834964
"SriLanka",2023,22971616
"Taiwan",1950,7596536
"Taiwan",1951,7862805
"Taiwan",1952,8148997
"Taiwan",1953,8451374
"Taiwan",1954,8767772
"Taiwan",1955,9104135
"Taiwan",1956,9465707
"Taiwan",1957,9850526
"Taiwan",1958,10246160
"Taiwan",1959,10644179
"Taiwan",1960,11046262
"Taiwan",1961,11453507
"Taiwan",1962,11866670
"Taiwan",1963,12285726
"Taiwan",1964,12706682
"Taiwan",1965,13124807
"Taiwan",1966,13537705
"Taiwan",1967,13901472
"Taiwan",1968,14215585
"Taiwan",1969,14523608
"Taiwan",1970,14815755
"Taiwan",1971,15121137
"Taiwan",1972,15450618
"Taiwan",1973,15772690
"Taiwan",1974,16082317
"Taiwan",1975,16365266
"Taiwan",1976,16671501
"Taiwan",1977,17020096
"Taiwan",1978,17373731
"Taiwan",1979,17735789
"Taiwan",1980,18086522
"Taiwan",1981,18412828
"Taiwan",1982,18723986
"Taiwan",1983,19022629
"Taiwan",1984,19306762
"Taiwan",1985,19571695
"Taiwan",1986,19805980
"Taiwan",1987,20015821
"Taiwan",1988,20223658
"Taiwan",1989,20418913
"Taiwan",1990,20594907
"Taiwan",1991,20781752
"Taiwan",1992,20982087
"Taiwan",1993,21174678
"Taiwan",1994,21357146
"Taiwan",1995,21534498
"Taiwan",1996,21709270
"Taiwan",1997,21885333
"Taiwan",1998,22049226
"Taiwan",1999,22203788
"Taiwan",2000,22332874
"Taiwan",2001,22446254
"Taiwan",2002,22566899
"Taiwan",2003,22664130
"Taiwan",2004,22745433
"Taiwan",2005,22824930
"Taiwan",2006,22914644
"Taiwan",2007,23006921
"Taiwan",2008,23086237
"Taiwan",2009,23164354
"Taiwan",2010,23224047
"Taiwan",2011,23273078
"Taiwan",2012,23345962
"Taiwan",2013,23416869
"Taiwan",2014,23472810
"Taiwan",2015,23529259
"Taiwan",2016,23586141
"Taiwan",2017,23632950
"Taiwan",2018,23659308
"Taiwan",2019,23674137
"Taiwan",2020,23663460
"Taiwan",2021,23558330
"Taiwan",2022,23420107
"Taiwan",2023,23317145
"Thailand",1950,20428403
"Thailand",1951,20965189
"Thailand",1952,21527581
"Thailand",1953,22109322
"Thailand",1954,22713342
"Thailand",1955,23343179
"Thailand",1956,23997265
"Thailand",1957,24674830
"Thailand",1958,25367009
"Thailand",1959,26088018
"Thailand",1960,26851750
"Thailand",1961,27650337
"Thailand",1962,28481047
"Thailand",1963,29342315
"Thailand",1964,30232139
"Thailand",1965,31149335
"Thailand",1966,32086073
"Thailand",1967,33037798
"Thailand",1968,34002562
"Thailand",1969,34973784
"Thailand",1970,35954411
"Thailand",1971,36937393
"Thailand",1972,37933932
"Thailand",1973,38947791
"Thailand",1974,39952895
"Thailand",1975,40939998
"Thailand",1976,41896510
"Thailand",1977,42843974
"Thailand",1978,43788974
"Thailand",1979,44718435
"Thailand",1980,45650030
"Thailand",1981,46575852
"Thailand",1982,47494576
"Thailand",1983,48423308
"Thailand",1984,49351711
"Thailand",1985,50270753
"Thailand",1986,51177832
"Thailand",1987,52074109
"Thailand",1988,52969595
"Thailand",1989,53848956
"Thailand",1990,54738328
"Thailand",1991,55637437
"Thailand",1992,56528829
"Thailand",1993,57408199
"Thailand",1994,58260857
"Thailand",1995,59098229
"Thailand",1996,59920058
"Thailand",1997,60724589
"Thailand",1998,61522633
"Thailand",1999,62299039
"Thailand",2000,63007813
"Thailand",2001,63651139
"Thailand",2002,64266431
"Thailand",2003,64868164
"Thailand",2004,65452051
"Thailand",2005,66017415
"Thailand",2006,66567685
"Thailand",2007,67102389
"Thailand",2008,67619834
"Thailand",2009,68121076
"Thailand",2010,68579442
"Thailand",2011,69007211
"Thailand",2012,69436091
"Thailand",2013,69845115
"Thailand",2014,70216362
"Thailand",2015,70540790
"Thailand",2016,70859837
"Thailand",2017,71160184
"Thailand",2018,71376080
"Thailand",2019,71522265
"Thailand",2020,71641484
"Thailand",2021,71727340
"Thailand",2022,71735320
"Thailand",2023,71702438
"Vietnam",1950,25100733
"Vietnam",1951,25600272
"Vietnam",1952,26143916
"Vietnam",1953,26757963
"Vietnam",1954,27427908
"Vietnam",1955,28166450
"Vietnam",1956,28922316
"Vietnam",1957,29754431
"Vietnam",1958,30658455
"Vietnam",1959,31585549
"Vietnam",1960,32531930
"Vietnam",1961,33409061
"Vietnam",1962,34288563
"Vietnam",1963,35249106
"Vietnam",1964,36201568
"Vietnam",1965,37129661
"Vietnam",1966,38024835
"Vietnam",1967,38895083
"Vietnam",1968,39734609
"Vietnam",1969,40582099
"Vietnam",1970,41475227
"Vietnam",1971,42449280
"Vietnam",1972,43429170
"Vietnam",1973,44409864
"Vietnam",1974,45413538
"Vietnam",1975,46482906
"Vietnam",1976,47684927
"Vietnam",1977,48954875
"Vietnam",1978,50249550
"Vietnam",1979,51378214
"Vietnam",1980,52490098
"Vietnam",1981,53738141
"Vietnam",1982,55011292
"Vietnam",1983,56337919
"Vietnam",1984,57706070
"Vietnam",1985,59060621
"Vietnam",1986,60347045
"Vietnam",1987,61584645
"Vietnam",1988,62843234
"Vietnam",1989,64147353
"Vietnam",1990,65504551
"Vietnam",1991,66891779
"Vietnam",1992,68260336
"Vietnam",1993,69586394
"Vietnam",1994,70854393
"Vietnam",1995,72049945
"Vietnam",1996,73156454
"Vietnam",1997,74226890
"Vietnam",1998,75299665
"Vietnam",1999,76287455
"Vietnam",2000,77154015
"Vietnam",2001,77969356
"Vietnam",2002,78772227
"Vietnam",2003,79563778
"Vietnam",2004,80338978
"Vietnam",2005,81088309
"Vietnam",2006,82167900
"Vietnam",2007,83633377
"Vietnam",2008,85175789
"Vietnam",2009,86460023
"Vietnam",2010,87455150
"Vietnam",2011,88468314
"Vietnam",2012,89510357
"Vietnam",2013,90573104
"Vietnam",2014,91679583
"Vietnam",2015,92823254
"Vietnam",2016,94000115
"Vietnam",2017,95176979
"Vietnam",2018,96237319
"Vietnam",2019,97173778
"Vietnam",2020,98079196
"Vietnam",2021,98935101
"Vietnam",2022,99680656
"Vietnam",2023,100352189
